U_bin,p_mb,U_mid,n
"(-0.0009759, 0.000339]",0.37019446762082026,0.00019064669616493358,15581
"(0.000339, 0.000784]",0.3917201540436457,0.0005266608625639428,15580
"(0.000784, 0.00161]",0.40658494320005134,0.0011414213450181051,15581
"(0.00161, 0.00369]",0.42124518613607187,0.0023418753848200723,15580
"(0.00369, 0.0483]",0.4422694307168988,0.007561983471074379,15581
