lag_bin,mean_rt,median_lag,n
"(0.999, 2.0]",0.6752074789207421,1.0,118600
"(2.0, 9.0]",0.7765613941018767,3.0,3730
