participant_id,alpha_true,alpha_hat,a_true,a_hat,t0_true,t0_hat,scaler_true,scaler_hat
6,0.4340624686773287,0.246,1.2377225102581983,1.332,0.2563482493381253,0.256,0.143581579566822,0.035
