participant_id,alpha_true,alpha_hat,a_true,a_hat,t0_true,t0_hat,scaler_true,scaler_hat
3,0.3937010983266721,0.267,1.3872439992605576,1.412,0.3263852314632488,0.349,0.2503577629033396,0.044
