participant_id,alpha_true,alpha_hat,a_true,a_hat,t0_true,t0_hat,scaler_true,scaler_hat
2,0.7254174922478079,0.504,1.3492420377567411,1.3,0.2410808614057821,0.246,0.1674656742433782,0.064
