participant_id,alpha_true,alpha_hat,a_true,a_hat,t0_true,t0_hat,scaler_true,scaler_hat
4,0.763756949843485,0.336,1.4752412978637472,1.516,0.3178976846756084,0.312,0.0848859800939358,0.048
