participant_id,alpha_true,alpha_hat,a_true,a_hat,t0_true,t0_hat,scaler_true,scaler_hat
1,0.6863039387334261,0.575,1.31035586084828,1.318,0.1934991316325164,0.206,0.1076220103551073,0.056
